{"cameraMode":{"drawMode":0,"name":"Shaded","section":"Shading Mode"},"sceneLighting":true,"audioPlay":false,"sceneViewState":{"showFog":true,"showMaterialUpdate":false,"showSkybox":true,"showFlares":true,"showImageEffects":true,"showParticleSystems":true},"in2DMode":false,"pivot":{"x":16.50533103942871,"y":4.477193832397461,"z":-25.91474723815918},"rotation":{"x":-0.27844515442848208,"y":-0.17930832505226136,"z":0.053069356828927997,"w":-0.9420982599258423},"size":10.857069969177246,"orthographic":true}