{"cameraMode":{"drawMode":0,"name":"Shaded","section":"Shading Mode"},"sceneLighting":true,"audioPlay":false,"sceneViewState":{"showFog":true,"showMaterialUpdate":false,"showSkybox":true,"showFlares":true,"showImageEffects":true,"showParticleSystems":true},"in2DMode":false,"pivot":{"x":-26.30781364440918,"y":0.4521428048610687,"z":-12.610995292663575},"rotation":{"x":0.29466620087623598,"y":0.1384105384349823,"z":-0.04317282885313034,"w":0.9445425271987915},"size":4.1335601806640629,"orthographic":true}