{"cameraMode":{"drawMode":0,"name":"Shaded","section":"Shading Mode"},"sceneLighting":true,"audioPlay":false,"sceneViewState":{"showFog":true,"showMaterialUpdate":false,"showSkybox":true,"showFlares":true,"showImageEffects":true,"showParticleSystems":true},"in2DMode":false,"pivot":{"x":25.250770568847658,"y":-0.8333538770675659,"z":-18.574237823486329},"rotation":{"x":0.3181982934474945,"y":0.3574901819229126,"z":-0.13102023303508759,"w":0.8682085871696472},"size":9.508963584899903,"orthographic":true}