{"cameraMode":{"drawMode":0,"name":"Shaded","section":"Shading Mode"},"sceneLighting":true,"audioPlay":false,"sceneViewState":{"showFog":true,"showMaterialUpdate":false,"showSkybox":true,"showFlares":true,"showImageEffects":true,"showParticleSystems":true},"in2DMode":false,"pivot":{"x":1.8860528469085694,"y":-7.3046875,"z":-3.9841275215148927},"rotation":{"x":-0.7071014046669006,"y":-0.000015476349290111102,"z":0.00000966648349276511,"w":-0.7071123123168945},"size":49.07478713989258,"orthographic":true}