{"cameraMode":{"drawMode":0,"name":"Shaded","section":"Shading Mode"},"sceneLighting":false,"audioPlay":false,"sceneViewState":{"showFog":true,"showMaterialUpdate":false,"showSkybox":false,"showFlares":true,"showImageEffects":true,"showParticleSystems":true},"in2DMode":false,"pivot":{"x":0.0,"y":0.9200000762939453,"z":-3.5299997329711916},"rotation":{"x":0.18020601570606233,"y":-0.22069492936134339,"z":0.041529275476932529,"w":0.9576506018638611},"size":0.8660253286361694,"orthographic":true}