{"cameraMode":{"drawMode":0,"name":"Shaded","section":"Shading Mode"},"sceneLighting":true,"audioPlay":false,"sceneViewState":{"showFog":true,"showMaterialUpdate":false,"showSkybox":true,"showFlares":true,"showImageEffects":true,"showParticleSystems":true},"in2DMode":false,"pivot":{"x":-19.548173904418947,"y":1.75,"z":10.731430053710938},"rotation":{"x":0.223879873752594,"y":0.615720272064209,"z":-0.18847322463989259,"w":0.7316363453865051},"size":1.1450183391571046,"orthographic":true}