{"cameraMode":{"drawMode":0,"name":"Shaded","section":"Shading Mode"},"sceneLighting":true,"audioPlay":false,"sceneViewState":{"showFog":true,"showMaterialUpdate":false,"showSkybox":true,"showFlares":true,"showImageEffects":true,"showParticleSystems":true},"in2DMode":false,"pivot":{"x":1.3608427047729493,"y":4.9971208572387699,"z":-1.3158921003341675},"rotation":{"x":0.3768133223056793,"y":0.08043460547924042,"z":-0.03286559134721756,"w":0.9222056269645691},"size":26.320438385009767,"orthographic":true}