{"cameraMode":{"drawMode":0,"name":"Shaded","section":"Shading Mode"},"sceneLighting":true,"audioPlay":false,"sceneViewState":{"showFog":true,"showMaterialUpdate":false,"showSkybox":true,"showFlares":true,"showImageEffects":true,"showParticleSystems":true},"in2DMode":false,"pivot":{"x":14.169705390930176,"y":1.03125,"z":4.681947708129883},"rotation":{"x":-0.7071014046669006,"y":-0.000015476349290111102,"z":0.00000966648349276511,"w":-0.7071123123168945},"size":46.421085357666019,"orthographic":true}