{"cameraMode":{"drawMode":0,"name":"Shaded","section":"Shading Mode"},"sceneLighting":true,"audioPlay":false,"sceneViewState":{"showFog":true,"showMaterialUpdate":false,"showSkybox":true,"showFlares":true,"showImageEffects":true,"showParticleSystems":true},"in2DMode":false,"pivot":{"x":-28.5,"y":-0.03310000151395798,"z":-1.600000023841858},"rotation":{"x":0.6608945727348328,"y":0.1565713882446289,"z":-0.14376918971538545,"w":0.7197455763816834},"size":0.17514145374298097,"orthographic":true}