{"cameraMode":{"drawMode":0,"name":"Shaded","section":"Shading Mode"},"sceneLighting":true,"audioPlay":false,"sceneViewState":{"showFog":true,"showMaterialUpdate":false,"showSkybox":true,"showFlares":true,"showImageEffects":true,"showParticleSystems":true},"in2DMode":false,"pivot":{"x":-3.000725507736206,"y":1.4226083755493165,"z":45.03356170654297},"rotation":{"x":0.04940275847911835,"y":0.9493325352668762,"z":-0.19283269345760346,"w":0.24320966005325318},"size":1.8057869672775269,"orthographic":true}