{"cameraMode":{"drawMode":0,"name":"Shaded","section":"Shading Mode"},"sceneLighting":true,"audioPlay":false,"sceneViewState":{"showFog":true,"showMaterialUpdate":false,"showSkybox":true,"showFlares":true,"showImageEffects":true,"showParticleSystems":true},"in2DMode":false,"pivot":{"x":-3.000725507736206,"y":1.4226083755493165,"z":45.03356170654297},"rotation":{"x":0.034793417900800708,"y":0.9634301066398621,"z":-0.15567435324192048,"w":0.2153366208076477},"size":4.421126365661621,"orthographic":true}