{"cameraMode":{"drawMode":0,"name":"Shaded","section":"Shading Mode"},"sceneLighting":true,"audioPlay":false,"sceneViewState":{"showFog":true,"showMaterialUpdate":false,"showSkybox":true,"showFlares":true,"showImageEffects":true,"showParticleSystems":true},"in2DMode":false,"pivot":{"x":35.21871566772461,"y":14.12453556060791,"z":70.0157699584961},"rotation":{"x":0.011938951909542084,"y":0.9838579893112183,"z":-0.16352155804634095,"w":0.07184693217277527},"size":25.28727912902832,"orthographic":true}