{"cameraMode":{"drawMode":0,"name":"Shaded","section":"Shading Mode"},"sceneLighting":true,"audioPlay":false,"sceneViewState":{"showFog":true,"showMaterialUpdate":false,"showSkybox":true,"showFlares":true,"showImageEffects":true,"showParticleSystems":true},"in2DMode":false,"pivot":{"x":-2.980175733566284,"y":8.881640434265137,"z":-7.582032203674316},"rotation":{"x":0.34130990505218508,"y":0.05353720858693123,"z":-0.019476713612675668,"w":0.9382305145263672},"size":26.114465713500978,"orthographic":true}